epoch,time,train/loss,metrics/accuracy_top1,metrics/accuracy_top5,val/loss,lr/pg0,lr/pg1,lr/pg2
1,5.12486,1.11304,0.71429,1,0.88721,4.287e-05,4.287e-05,4.287e-05
2,6.14935,0.756,0.66667,1,0.72754,9.90397e-05,9.90397e-05,9.90397e-05
3,6.43118,0.33874,0.85714,1,0.54199,0.000154078,0.000154078,0.000154078
4,6.73405,0.16642,0.7619,1,0.43652,0.000207984,0.000207984,0.000207984
5,7.21859,0.06548,0.7619,1,0.45605,0.000260758,0.000260758,0.000260758
6,7.56821,0.02161,0.7619,1,0.4873,0.000312401,0.000312401,0.000312401
7,7.9314,0.01852,0.7619,1,0.40674,0.000362912,0.000362912,0.000362912
8,8.25694,0.00406,0.7619,1,0.3689,0.000412291,0.000412291,0.000412291
9,8.56559,0.00164,0.85714,1,0.28662,0.000460538,0.000460538,0.000460538
10,8.88267,0.00137,0.90476,1,0.25439,0.000507654,0.000507654,0.000507654
11,9.32285,0.00089,0.90476,1,0.22595,0.000553637,0.000553637,0.000553637
12,9.67872,0.00057,0.90476,1,0.20496,0.000598489,0.000598489,0.000598489
13,9.99192,0.0042,0.90476,1,0.20068,0.00064221,0.00064221,0.00064221
14,10.2984,0.00041,0.90476,1,0.16638,0.000684798,0.000684798,0.000684798
15,10.5841,0.00122,0.95238,1,0.15784,0.000726255,0.000726255,0.000726255
16,10.8579,0.00058,1,1,0.15527,0.00076658,0.00076658,0.00076658
17,11.1358,0.0002,1,1,0.15405,0.000805773,0.000805773,0.000805773
18,11.4046,0.00057,1,1,0.15442,0.000843835,0.000843835,0.000843835
19,11.6805,0.00255,1,1,0.15466,0.000880764,0.000880764,0.000880764
20,11.9382,0.00053,0.90476,1,0.19336,0.000916562,0.000916562,0.000916562
21,12.1986,0.00052,0.90476,1,0.22571,0.000951228,0.000951228,0.000951228
22,12.474,0.00017,0.90476,1,0.24646,0.000984762,0.000984762,0.000984762
23,12.7565,0.00016,0.85714,1,0.26709,0.00101717,0.00101717,0.00101717
24,13.0255,0.00017,0.85714,1,0.29272,0.00104844,0.00104844,0.00104844
25,13.2922,0.00067,0.85714,1,0.31226,0.00107857,0.00107857,0.00107857
26,13.5581,6e-05,0.85714,1,0.37231,0.00107532,0.00107532,0.00107532
27,13.8176,0.00148,0.85714,1,0.37964,0.00106118,0.00106118,0.00106118
28,14.0721,8e-05,0.85714,1,0.47583,0.00104703,0.00104703,0.00104703
29,14.3492,0.00049,0.7619,1,0.58301,0.00103288,0.00103288,0.00103288
30,14.6123,0.00039,0.7619,1,0.57764,0.00101873,0.00101873,0.00101873
31,14.9308,7e-05,0.7619,1,0.61963,0.00100459,0.00100459,0.00100459
32,15.1855,0.00025,0.7619,1,0.60303,0.00099044,0.00099044,0.00099044
33,15.4516,0.00079,0.7619,1,0.62549,0.000976293,0.000976293,0.000976293
34,15.7161,8e-05,0.7619,1,0.58008,0.000962146,0.000962146,0.000962146
35,15.9941,0.00024,0.7619,1,0.5708,0.000947999,0.000947999,0.000947999
36,16.2595,0.00195,0.80952,1,0.48706,0.000933851,0.000933851,0.000933851
